id,neg.lfc,neg.fdr
DCUN1D1,-1.9434,0.001238
INPP5K,-2.5261,0.001238
FLCN,-2.4746,0.001238
LAMTOR4,-1.0484,0.010608
VRK1,-2.5366,0.010608
RRAGA,-1.5674,0.020252
LIPT2,-1.599,0.020252
STK11,-1.9656,0.033416
UBIAD1,-2.3205,0.044554
TLN1,-1.6128,0.099863
FZR1,-2.0932,0.099863
LARP1,-2.2295,0.099863
CHMP7,-2.1275,0.099863
MPV17L2,-1.6004,0.099863
