id,neg.lfc,neg.fdr
DCUN1D1,-2.1349,0.00165
FLCN,-2.4818,0.00165
INPP5K,-2.29,0.006188
LAMTOR4,-0.96385,0.006931
UBIAD1,-2.6525,0.011757
RRAGA,-1.5174,0.011757
PPP2R5E,-1.5864,0.011757
TGFBR1,-1.8004,0.012151
VRK1,-2.601,0.02929
CHMP7,-2.0441,0.03313
STK11,-1.7929,0.049151
SMAD4,-0.88214,0.070682
LIPT2,-1.5215,0.070682
FZR1,-2.3847,0.071652
LARP1,-2.6626,0.089784
FH,-1.3602,0.09179
MPV17L2,-1.795,0.09179
ADRM1,-1.4638,0.095215
