id,neg.lfc,neg.fdr
UPF3B,-1.3094,0.00495
RER1,-1.2661,0.021452
ACOX1,-1.2178,0.038366
SNAP23,-1.2133,0.041726
VTA1,-1.6111,0.041726
JTB,-1.0937,0.041726
TMCO6,-1.7918,0.061262
HIRA,-1.8616,0.071782
VPS53,-1.2014,0.071782
TM2D3,-0.95392,0.071782
VPS41,-1.0573,0.071782
CCDC51,-1.3038,0.071782
ANGEL2,-0.90792,0.094307
